emotion,base_mean,sft_s0_delta,ci_lo,ci_hi,bh_fdr_sig,sft_s1_delta,flat_instr_delta,neutral_sys_delta
lazy,-0.0211,0.0800,0.0769,0.0833,1,0.0780,0.0790,0.0014
restless,-0.1020,0.0701,0.0674,0.0728,1,0.0651,0.0640,0.0032
puzzled,-0.0680,0.0700,0.0677,0.0721,1,0.0752,0.0966,0.0008
lonely,-0.1010,0.0660,0.0638,0.0681,1,0.0680,0.0565,0.0035
trapped,-0.0031,0.0637,0.0616,0.0658,1,0.0595,0.0889,-0.0000
vigilant,-0.1172,0.0631,0.0607,0.0655,1,0.0694,0.0974,0.0011
skeptical,-0.0529,0.0542,0.0522,0.0562,1,0.0589,0.0894,-0.0023
paranoid,-0.0554,0.0529,0.0501,0.0557,1,0.0527,0.0272,0.0016
vindictive,-0.0391,0.0529,0.0508,0.0549,1,0.0569,0.0809,0.0021
self-conscious,-0.0343,0.0528,0.0505,0.0552,1,0.0519,0.0344,-0.0034
unsettled,0.0107,0.0497,0.0481,0.0515,1,0.0527,0.0157,0.0005
exasperated,-0.0742,0.0496,0.0470,0.0522,1,0.0510,0.0959,0.0001
stubborn,-0.0481,0.0494,0.0478,0.0512,1,0.0565,0.0906,0.0028
alert,-0.0615,0.0489,0.0471,0.0508,1,0.0511,0.1115,-0.0039
bewildered,-0.0179,0.0441,0.0420,0.0461,1,0.0491,0.0930,-0.0011
frustrated,-0.0152,0.0434,0.0409,0.0459,1,0.0421,0.0622,0.0021
suspicious,-0.0641,0.0426,0.0407,0.0444,1,0.0462,0.0778,-0.0017
indifferent,0.0202,0.0422,0.0400,0.0444,1,0.0430,0.0435,0.0052
uneasy,-0.0162,0.0418,0.0395,0.0442,1,0.0394,0.0105,0.0032
mystified,-0.0329,0.0416,0.0395,0.0436,1,0.0495,0.0979,-0.0009
unnerved,-0.0322,0.0400,0.0374,0.0426,1,0.0427,0.0560,0.0006
obstinate,-0.0659,0.0387,0.0372,0.0404,1,0.0440,0.0702,0.0002
scornful,-0.0407,0.0385,0.0360,0.0409,1,0.0402,0.0311,0.0035
horrified,-0.0573,0.0383,0.0365,0.0399,1,0.0392,0.0816,-0.0007
dumbstruck,0.0019,0.0380,0.0358,0.0402,1,0.0434,0.0670,-0.0028
disgusted,-0.0487,0.0377,0.0362,0.0392,1,0.0390,0.0388,0.0015
on edge,-0.0773,0.0374,0.0351,0.0400,1,0.0330,0.0263,-0.0001
bored,-0.0458,0.0371,0.0349,0.0392,1,0.0367,0.0613,0.0022
weary,0.0575,0.0359,0.0338,0.0382,1,0.0394,0.0132,0.0012
worn out,-0.0177,0.0344,0.0321,0.0366,1,0.0263,0.0150,0.0027
stuck,-0.0003,0.0315,0.0293,0.0337,1,0.0348,0.0309,-0.0031
greedy,0.0037,0.0315,0.0299,0.0330,1,0.0358,0.0355,0.0008
empathetic,0.0187,0.0307,0.0286,0.0330,1,0.0268,0.0122,-0.0003
vibrant,0.0085,0.0294,0.0277,0.0312,1,0.0293,-0.0326,-0.0012
infatuated,-0.0433,0.0281,0.0260,0.0302,1,0.0248,-0.0160,0.0028
perplexed,-0.0270,0.0280,0.0262,0.0297,1,0.0371,0.0755,0.0014
dependent,0.0396,0.0270,0.0246,0.0295,1,0.0283,0.0222,-0.0002
disoriented,0.0014,0.0268,0.0251,0.0284,1,0.0277,0.0366,0.0017
patient,-0.0531,0.0251,0.0235,0.0268,1,0.0266,0.0519,-0.0000
tense,-0.0142,0.0236,0.0220,0.0253,1,0.0263,0.0784,0.0009
sullen,-0.0298,0.0234,0.0211,0.0256,1,0.0187,0.0017,0.0028
content,-0.2688,0.0232,0.0207,0.0257,1,0.0196,0.0286,0.0045
resigned,0.0154,0.0220,0.0198,0.0243,1,0.0210,0.0569,0.0009
listless,-0.0251,0.0216,0.0201,0.0232,1,0.0167,0.0026,0.0033
annoyed,-0.0390,0.0211,0.0186,0.0234,1,0.0178,0.0231,0.0012
nervous,-0.0656,0.0208,0.0184,0.0233,1,0.0189,0.0009,-0.0009
smug,-0.0353,0.0206,0.0185,0.0227,1,0.0265,0.0312,0.0000
mortified,-0.0240,0.0202,0.0176,0.0229,1,0.0178,0.0219,-0.0023
alarmed,-0.0290,0.0200,0.0179,0.0221,1,0.0153,0.0275,-0.0016
jealous,0.0031,0.0189,0.0171,0.0208,1,0.0196,-0.0228,0.0008
inspired,0.0154,0.0182,0.0163,0.0201,1,0.0169,-0.0218,0.0015
rejuvenated,0.0507,0.0170,0.0147,0.0194,1,0.0164,-0.0309,-0.0011
disturbed,0.0460,0.0158,0.0134,0.0181,1,0.0162,-0.0123,-0.0033
spiteful,-0.0172,0.0155,0.0134,0.0175,1,0.0193,0.0400,0.0007
offended,0.0580,0.0147,0.0127,0.0166,1,0.0150,0.0015,0.0013
docile,-0.0055,0.0144,0.0127,0.0163,1,0.0171,0.0362,-0.0029
depressed,0.0672,0.0137,0.0120,0.0156,1,0.0133,-0.0199,0.0016
hateful,0.0043,0.0136,0.0117,0.0153,1,0.0060,-0.0176,-0.0013
worried,-0.0161,0.0128,0.0108,0.0148,1,0.0113,0.0128,0.0010
disdainful,-0.0650,0.0115,0.0098,0.0131,1,0.0161,0.0470,-0.0004
dispirited,0.0472,0.0115,0.0099,0.0133,1,0.0085,-0.0103,0.0008
indignant,0.0252,0.0115,0.0099,0.0131,1,0.0136,0.0450,-0.0009
afraid,0.0363,0.0115,0.0091,0.0140,0,0.0067,0.0269,-0.0013
embarrassed,-0.0637,0.0111,0.0083,0.0140,1,0.0066,-0.0234,0.0038
sluggish,-0.0108,0.0107,0.0088,0.0127,1,0.0065,-0.0050,-0.0015
resentful,-0.0474,0.0103,0.0081,0.0125,1,0.0088,-0.0032,0.0032
contemptuous,-0.0092,0.0103,0.0081,0.0123,1,0.0144,0.0415,0.0008
anxious,0.0084,0.0100,0.0082,0.0120,1,0.0084,-0.0029,-0.0008
defiant,-0.0558,0.0098,0.0083,0.0113,1,0.0149,0.0692,-0.0017
insulted,0.0288,0.0091,0.0070,0.0112,1,0.0079,0.0067,-0.0012
irate,0.0271,0.0090,0.0068,0.0111,1,0.0089,0.0285,0.0029
astonished,0.0147,0.0081,0.0056,0.0104,1,0.0132,0.0755,-0.0042
hopeful,0.0176,0.0081,0.0063,0.0101,1,0.0087,0.0049,0.0015
sad,0.0024,0.0061,0.0042,0.0082,1,0.0030,-0.0221,0.0031
vengeful,-0.0233,0.0059,0.0041,0.0077,1,0.0016,0.0368,0.0008
impatient,-0.0555,0.0046,0.0015,0.0076,1,0.0035,0.0237,0.0018
sympathetic,-0.0407,0.0039,0.0020,0.0060,1,-0.0019,-0.0278,0.0051
relaxed,-0.0361,0.0039,0.0026,0.0055,1,0.0060,-0.0002,-0.0023
humiliated,-0.0327,0.0038,0.0018,0.0058,1,0.0011,0.0083,-0.0003
peaceful,0.0111,0.0033,0.0014,0.0055,1,0.0077,-0.0008,0.0011
irritated,-0.0464,0.0029,0.0010,0.0047,1,-0.0018,0.0202,0.0006
envious,0.0502,0.0023,0.0005,0.0043,1,0.0018,-0.0488,0.0001
sensitive,0.0669,0.0013,-0.0010,0.0036,0,-0.0045,-0.0327,-0.0040
melancholy,-0.0151,-0.0007,-0.0024,0.0012,0,0.0007,-0.0036,0.0027
surprised,-0.0299,-0.0023,-0.0043,-0.0006,1,0.0048,0.0445,-0.0028
miserable,-0.0404,-0.0024,-0.0038,-0.0009,1,-0.0059,-0.0156,0.0028
frightened,0.0191,-0.0026,-0.0040,-0.0011,1,-0.0002,0.0475,-0.0017
brooding,0.0231,-0.0027,-0.0043,-0.0010,1,-0.0060,-0.0374,0.0021
grumpy,-0.0804,-0.0028,-0.0053,-0.0003,1,-0.0085,0.0313,0.0018
amused,-0.0479,-0.0030,-0.0049,-0.0013,1,-0.0030,0.0012,-0.0010
self-critical,0.0389,-0.0036,-0.0066,-0.0009,1,-0.0064,-0.0553,-0.0008
shocked,0.0144,-0.0038,-0.0056,-0.0020,1,-0.0041,0.0569,-0.0013
panicked,-0.0290,-0.0039,-0.0058,-0.0022,1,-0.0048,0.0024,0.0012
cheerful,-0.0815,-0.0048,-0.0076,-0.0021,1,-0.0053,-0.0214,0.0025
amazed,-0.0291,-0.0050,-0.0075,-0.0027,1,-0.0022,0.0014,-0.0010
stimulated,0.0879,-0.0050,-0.0071,-0.0028,1,-0.0048,-0.0456,-0.0032
terrified,0.0073,-0.0052,-0.0070,-0.0034,1,-0.0069,0.0142,0.0001
troubled,0.0665,-0.0058,-0.0076,-0.0039,1,-0.0008,0.0255,-0.0039
self-confident,0.0570,-0.0059,-0.0079,-0.0039,1,0.0002,-0.0100,-0.0023
scared,0.0623,-0.0061,-0.0078,-0.0042,1,-0.0061,0.0256,-0.0031
hostile,0.0212,-0.0062,-0.0081,-0.0043,1,-0.0096,-0.0118,-0.0008
hope,-0.0381,-0.0066,-0.0082,-0.0049,1,-0.0076,0.0272,0.0018
playful,-0.0882,-0.0069,-0.0092,-0.0049,1,-0.0059,0.0049,0.0021
vulnerable,0.0947,-0.0071,-0.0095,-0.0046,1,-0.0136,-0.0543,-0.0030
shaken,-0.0079,-0.0072,-0.0091,-0.0052,1,-0.0104,-0.0106,-0.0027
unhappy,0.0607,-0.0087,-0.0106,-0.0066,1,-0.0107,-0.0198,0.0035
at ease,-0.0181,-0.0089,-0.0105,-0.0072,1,-0.0046,-0.0369,-0.0011
tired,-0.0149,-0.0099,-0.0117,-0.0078,1,-0.0126,-0.0167,-0.0020
overwhelmed,0.0451,-0.0103,-0.0125,-0.0082,1,-0.0161,-0.0255,-0.0031
worthless,0.0715,-0.0108,-0.0128,-0.0088,1,-0.0144,-0.0460,0.0022
grief-stricken,0.0193,-0.0112,-0.0135,-0.0088,1,-0.0096,-0.0043,0.0020
ashamed,0.0628,-0.0122,-0.0141,-0.0103,1,-0.0112,-0.0119,-0.0019
calm,0.0242,-0.0125,-0.0148,-0.0101,1,-0.0067,0.0082,-0.0005
droopy,0.0576,-0.0128,-0.0150,-0.0107,1,-0.0087,-0.0050,-0.0005
hysterical,-0.0175,-0.0130,-0.0148,-0.0112,1,-0.0188,-0.0412,0.0027
aroused,0.0453,-0.0137,-0.0163,-0.0111,1,-0.0149,-0.0598,-0.0021
rattled,0.1129,-0.0139,-0.0163,-0.0116,1,-0.0144,-0.0216,-0.0073
reflective,0.0029,-0.0144,-0.0160,-0.0128,1,-0.0193,-0.0574,0.0030
bitter,-0.0294,-0.0150,-0.0166,-0.0133,1,-0.0151,-0.0165,0.0006
tormented,0.0785,-0.0153,-0.0176,-0.0130,1,-0.0233,-0.0557,0.0007
serene,0.0345,-0.0156,-0.0178,-0.0134,1,-0.0117,-0.0112,-0.0011
enraged,0.0284,-0.0156,-0.0170,-0.0143,1,-0.0156,-0.0177,0.0020
stressed,0.0593,-0.0175,-0.0198,-0.0154,1,-0.0168,-0.0013,-0.0004
furious,0.0135,-0.0184,-0.0202,-0.0168,1,-0.0201,0.0088,-0.0005
outraged,0.0437,-0.0191,-0.0209,-0.0174,1,-0.0177,-0.0116,0.0030
safe,0.0135,-0.0194,-0.0216,-0.0171,1,-0.0150,-0.0142,-0.0007
sleepy,-0.0138,-0.0194,-0.0213,-0.0174,1,-0.0207,-0.0086,-0.0019
angry,0.0047,-0.0196,-0.0213,-0.0180,1,-0.0210,-0.0011,0.0031
relieved,-0.0281,-0.0214,-0.0232,-0.0196,1,-0.0245,-0.0243,-0.0004
upset,0.0715,-0.0218,-0.0235,-0.0200,1,-0.0237,-0.0376,0.0022
invigorated,0.0511,-0.0225,-0.0243,-0.0209,1,-0.0189,-0.0232,-0.0036
valiant,0.0025,-0.0234,-0.0257,-0.0211,1,-0.0187,0.0051,-0.0033
desperate,0.0075,-0.0244,-0.0264,-0.0225,1,-0.0286,-0.0076,0.0026
kind,0.0262,-0.0247,-0.0267,-0.0228,1,-0.0221,-0.0406,0.0020
awestruck,-0.0176,-0.0253,-0.0281,-0.0226,1,-0.0216,0.0036,-0.0045
satisfied,0.0052,-0.0270,-0.0289,-0.0251,1,-0.0203,-0.0176,0.0006
grateful,0.0221,-0.0288,-0.0307,-0.0269,1,-0.0300,-0.0454,0.0034
enthusiastic,-0.0022,-0.0292,-0.0310,-0.0273,1,-0.0284,-0.0463,-0.0003
guilty,0.0476,-0.0303,-0.0323,-0.0285,1,-0.0301,-0.0653,0.0018
nostalgic,-0.0274,-0.0307,-0.0327,-0.0286,1,-0.0307,-0.0282,-0.0006
excited,0.0558,-0.0327,-0.0346,-0.0307,1,-0.0322,-0.0452,0.0005
hurt,0.0425,-0.0340,-0.0358,-0.0322,1,-0.0389,-0.0659,-0.0002
sentimental,-0.0063,-0.0359,-0.0381,-0.0336,1,-0.0358,-0.0414,-0.0001
refreshed,0.0760,-0.0367,-0.0390,-0.0345,1,-0.0360,-0.0605,-0.0015
proud,0.0207,-0.0370,-0.0390,-0.0350,1,-0.0351,-0.0381,0.0003
mad,0.0931,-0.0377,-0.0399,-0.0355,1,-0.0371,-0.0660,-0.0026
regretful,0.0377,-0.0378,-0.0401,-0.0356,1,-0.0401,-0.0174,0.0009
loving,-0.0074,-0.0398,-0.0424,-0.0371,1,-0.0415,-0.0569,-0.0005
fulfilled,0.0326,-0.0400,-0.0423,-0.0375,1,-0.0388,-0.0601,-0.0005
blissful,0.0132,-0.0412,-0.0435,-0.0387,1,-0.0385,-0.0353,-0.0045
joyful,0.0408,-0.0419,-0.0444,-0.0395,1,-0.0419,-0.0719,-0.0004
energized,0.0349,-0.0440,-0.0460,-0.0421,1,-0.0442,-0.0510,-0.0040
eager,-0.0197,-0.0447,-0.0465,-0.0429,1,-0.0413,-0.0134,-0.0012
distressed,0.0813,-0.0466,-0.0491,-0.0439,1,-0.0526,-0.0671,0.0020
optimistic,0.0192,-0.0472,-0.0491,-0.0453,1,-0.0433,-0.0372,-0.0007
thrilled,0.0427,-0.0474,-0.0500,-0.0448,1,-0.0461,-0.0504,-0.0027
pleased,0.0232,-0.0519,-0.0542,-0.0497,1,-0.0528,-0.0539,-0.0026
exuberant,-0.0234,-0.0527,-0.0555,-0.0500,1,-0.0550,-0.0800,0.0005
compassionate,0.0911,-0.0533,-0.0560,-0.0508,1,-0.0542,-0.0728,0.0020
sorry,0.1053,-0.0535,-0.0567,-0.0505,1,-0.0592,-0.0963,0.0024
ecstatic,0.0131,-0.0537,-0.0564,-0.0511,1,-0.0553,-0.0707,-0.0036
jubilant,-0.0057,-0.0540,-0.0572,-0.0509,1,-0.0567,-0.0759,-0.0018
triumphant,0.0183,-0.0542,-0.0571,-0.0514,1,-0.0508,-0.0394,-0.0010
euphoric,0.0447,-0.0559,-0.0590,-0.0529,1,-0.0585,-0.0775,-0.0041
elated,0.0249,-0.0573,-0.0608,-0.0540,1,-0.0564,-0.0533,-0.0038
happy,-0.0158,-0.0579,-0.0605,-0.0555,1,-0.0618,-0.0925,-0.0006
thankful,0.0193,-0.0594,-0.0613,-0.0575,1,-0.0637,-0.0757,0.0007
heartbroken,0.0592,-0.0604,-0.0639,-0.0568,1,-0.0627,-0.0840,0.0007
remorseful,0.1030,-0.0619,-0.0647,-0.0592,1,-0.0651,-0.0782,0.0009
gloomy,0.0994,-0.0674,-0.0692,-0.0656,1,-0.0682,-0.0599,0.0018
delighted,0.0796,-0.0740,-0.0771,-0.0708,1,-0.0726,-0.0728,-0.0007
